Target,Model,RMSE,MAE,R²,MAPE (%)
throughput,LR,0.6714805241263648,0.438366114478274,0.907731879474669,11.853205365393862
throughput,DT,0.48782929731795033,0.312212685543766,0.9513009386275919,7.701835243561739
throughput,RF,0.419974488510059,0.23857664303825618,0.9639063624860766,5.81937889010743
latency,LR,4.715399907960281,3.589447694891222,0.710283736142423,5.125397882949716
latency,DT,5.358747968363201,4.157203584526519,0.6258355876782975,5.955275912619698
latency,RF,4.66538981017214,3.5951144055502438,0.7163964338515926,5.151643244299526
